{"average": 0.07191121990001648, "timings": [0.07957852600009119, 0.07685354000000189, 0.06819613400000435, 0.07354868499999156, 0.07040174400003707, 0.07164276499997868, 0.07132912400004443, 0.07015856900000017, 0.06848731800005226, 0.06891579399996317], "best": 0.06819613400000435, "loops": 10, "worst": 0.07957852600009119}