{"average": 0.06502594130000716, "timings": [0.06787631700001384, 0.06723931800001992, 0.06628069999999298, 0.06542739299993627, 0.06540531699999974, 0.06487930000002962, 0.06299040600003991, 0.06393289000004643, 0.06306339200000366, 0.06316437999998925], "best": 0.06299040600003991, "loops": 10, "worst": 0.06787631700001384}