{"average": 0.03343545630002609, "timings": [0.0343839790000402, 0.02880719200004478, 0.042228277000049275, 0.03988521700000547, 0.027796583000053943, 0.032490833999986535, 0.03407385000002705, 0.0325167319999764, 0.031467205000012655, 0.030704694000064592], "best": 0.027796583000053943, "loops": 10, "worst": 0.042228277000049275}