{"average": 0.05314904869998145, "timings": [0.05421758900001805, 0.05639369599998645, 0.050921634999895105, 0.05382755899995573, 0.05132268199997725, 0.05365812599995934, 0.05308605599998373, 0.05056096099997376, 0.05690542500008178, 0.05059675799998331], "best": 0.05056096099997376, "loops": 10, "worst": 0.05690542500008178}