{"average": 0.0011865108999813856, "timings": [0.002511602000026869, 0.0013743729999760035, 0.001145918000020174, 0.0010841949999758071, 0.0011356689999502123, 0.0010263960000429506, 0.0009634229999164745, 0.0008869789999152999, 0.0008840719999625435, 0.0008524820000275213], "best": 0.0008524820000275213, "loops": 10, "worst": 0.002511602000026869}