{"average": 0.043811489700010496, "timings": [0.05072070000005624, 0.04553387200007819, 0.04401517700000568, 0.03998851200003628, 0.04213712800003577, 0.04272688300000027, 0.04485349099991254, 0.04356216099995436, 0.04308287800006383, 0.04149409499996182], "best": 0.03998851200003628, "loops": 10, "worst": 0.05072070000005624}