{"average": 0.04436404369999991, "timings": [0.05066350800007058, 0.04369201899999098, 0.043650079999906666, 0.0436339450000105, 0.043647614000065005, 0.04361745299991071, 0.043683083000018996, 0.043609285000002274, 0.04379544000005353, 0.04364800999996987], "best": 0.043609285000002274, "loops": 10, "worst": 0.05066350800007058}