{"average": 0.03788987189999489, "timings": [0.04644053999993503, 0.03812211900003604, 0.03815554499999507, 0.03846724899995024, 0.03799334899997575, 0.03916057000003548, 0.03584033200002068, 0.03430045599998266, 0.03452433300003577, 0.035894225999982154], "best": 0.03430045599998266, "loops": 10, "worst": 0.04644053999993503}