{"average": 0.06004395920000434, "timings": [0.06897699600006035, 0.05840128700003788, 0.059270503000107055, 0.05955156499999248, 0.0592730800000254, 0.05919168799994168, 0.05895064999992883, 0.0588800819999733, 0.05925524199994925, 0.05868849900002715], "best": 0.05840128700003788, "loops": 10, "worst": 0.06897699600006035}