{"average": 0.012723318499979541, "timings": [0.016448010999965845, 0.012327837999919211, 0.012235459999942577, 0.012269563999893762, 0.012202460000025894, 0.012267171999951643, 0.012290403000065453, 0.012266295000017635, 0.01238967999995566, 0.01253630200005773], "best": 0.012202460000025894, "loops": 10, "worst": 0.016448010999965845}