{"average": 0.023940210999990087, "timings": [0.027229961999978514, 0.02120295800000349, 0.021256973000049584, 0.021177537999960805, 0.021220952000021498, 0.021184793999964313, 0.033569790000001376, 0.03194929799997226, 0.02046434099997896, 0.02014550399997006], "best": 0.02014550399997006, "loops": 10, "worst": 0.033569790000001376}