{"average": 4.885507898000014, "timings": [4.933152468999992, 4.908826090000048, 4.869339138999976, 4.859496444000001, 4.866516922999949, 4.855287175000058, 4.8951054260001, 4.848021730000028, 4.9082515979999926, 4.911081985999999], "best": 4.848021730000028, "loops": 10, "worst": 4.933152468999992}