{"average": 4.946830619999991, "timings": [5.016593925000052, 4.926104962999943, 4.988451715999986, 4.950590617999978, 4.907755717999976, 4.910187036000025, 4.920955031000062, 4.9503455469999835, 4.954921970999976, 4.942399674999933], "best": 4.907755717999976, "loops": 10, "worst": 5.016593925000052}