{"average": 5.237801960199977, "timings": [5.214111296999931, 5.24395842499996, 5.207511536999959, 5.248697390999951, 5.227173501999914, 5.249248910999995, 5.257293243000049, 5.217561090999993, 5.264169170000059, 5.2482950349999555], "best": 5.207511536999959, "loops": 10, "worst": 5.264169170000059}