{"average": 4.791129918399998, "timings": [4.8015406700000085, 4.787428399999953, 4.7732670100000405, 4.779646697999965, 4.778260810000006, 4.785516377000022, 4.80197302199997, 4.792439351999974, 4.8096305450000045, 4.801596300000028], "best": 4.7732670100000405, "loops": 10, "worst": 4.8096305450000045}