{"average": 4.879189956000028, "timings": [4.885659720000035, 4.888999862000105, 4.836598115000015, 4.844686326000101, 4.842642665999961, 4.9096349779999855, 4.893318872000009, 4.871760461000008, 4.867946935000077, 4.950651624999978], "best": 4.836598115000015, "loops": 10, "worst": 4.950651624999978}