{"average": 4.521292415699975, "timings": [4.550774184999909, 4.518239606999941, 4.5435047229999554, 4.516133546999981, 4.467764324999962, 4.521502256999952, 4.532932226000071, 4.4959863139999925, 4.516500511000004, 4.549586461999979], "best": 4.467764324999962, "loops": 10, "worst": 4.550774184999909}