{"average": 4.676623882599995, "timings": [4.706561546999978, 4.66499128800001, 4.702123792000066, 4.652476682999918, 4.631215698000005, 4.692750331999946, 4.664903282999944, 4.677605800000038, 4.689167022999982, 4.6844433800000616], "best": 4.631215698000005, "loops": 10, "worst": 4.706561546999978}