{"average": 4.849634801399998, "timings": [4.89467740200007, 4.893117937000056, 4.873865174999992, 4.827445201000046, 4.78804577599999, 4.8047782769999685, 4.820523612999978, 4.856966427999964, 4.839176414999997, 4.897751789999916], "best": 4.78804577599999, "loops": 10, "worst": 4.897751789999916}