{"average": 4.613406643300005, "timings": [4.595979392999993, 4.582987159000027, 4.607354379000071, 4.623430746999929, 4.7701004269999885, 4.778895116000058, 4.732171661999928, 4.5012742549999984, 4.502800069000045, 4.439073226000005], "best": 4.439073226000005, "loops": 10, "worst": 4.778895116000058}