{"average": 5.026508391499988, "timings": [5.013021384000012, 4.992880613000011, 5.0250430510000115, 5.041783007999925, 5.011545522999995, 5.043143500000042, 5.027608995999913, 5.051448885000013, 5.023110710999958, 5.035498243999996], "best": 4.992880613000011, "loops": 10, "worst": 5.051448885000013}