{"average": 4.603348327400011, "timings": [4.576930767000022, 4.586415199000044, 4.601283766000051, 4.604039779999994, 4.58552224999994, 4.634823641000025, 4.6123343890000115, 4.611902566000026, 4.596939528000007, 4.623291387999984], "best": 4.576930767000022, "loops": 10, "worst": 4.634823641000025}