{"average": 0.002507001400022091, "timings": [0.0032212009999739166, 0.0025227730000096926, 0.0024542390000306114, 0.002431526999998823, 0.0024111470000889312, 0.002406537000069875, 0.002400860999955512, 0.0024061770000116667, 0.0024182040000368943, 0.0023973480000449854], "best": 0.0023973480000449854, "loops": 10, "worst": 0.0032212009999739166}