{"average": 0.0017279442000130985, "timings": [0.0022891349999554222, 0.00175733699995817, 0.0016987620000463721, 0.001669250000077227, 0.0016688239999211874, 0.0016553930000782202, 0.0016432720000238987, 0.0016331170000967177, 0.0016322809999564925, 0.0016320710000172767], "best": 0.0016320710000172767, "loops": 10, "worst": 0.0022891349999554222}