{"average": 0.0034430974999736462, "timings": [0.00415174499994464, 0.0034059590000197204, 0.00333571999999549, 0.003451774999916779, 0.0034130079999386, 0.003424463999976979, 0.0033728119999523187, 0.00346196600003168, 0.0032226929999978893, 0.0031908329999623675], "best": 0.0031908329999623675, "loops": 10, "worst": 0.00415174499994464}