{"average": 0.001633691299991824, "timings": [0.0021821779999982027, 0.0016554640000094878, 0.0016201569999338972, 0.001588667999953941, 0.001561484000035307, 0.0015585700000428915, 0.0015573659999290612, 0.0015437989999327328, 0.0015289590000975295, 0.0015402679999851898], "best": 0.0015289590000975295, "loops": 10, "worst": 0.0021821779999982027}