{"average": 0.0017097519999879295, "timings": [0.0022475339999346033, 0.001720703000046342, 0.0016959979999455754, 0.0016788140000016938, 0.001645852000024206, 0.00163853799995195, 0.00162263200002144, 0.0016127650000044014, 0.0016212729999551811, 0.0016134109999939028], "best": 0.0016127650000044014, "loops": 10, "worst": 0.0022475339999346033}