{"average": 0.0024971569999934218, "timings": [0.003301974999999402, 0.0024654979999922944, 0.0024012609999317647, 0.002663401000063459, 0.0022956330000170055, 0.0022315359999538487, 0.0021980550000080257, 0.00216719299999113, 0.002405386999953407, 0.002841631000023881], "best": 0.00216719299999113, "loops": 10, "worst": 0.003301974999999402}