{"average": 0.0030945435000148793, "timings": [0.0031544340000664306, 0.003055480000057287, 0.003036380000025929, 0.0030128460000469204, 0.0027733519999628697, 0.0029951440000104412, 0.003197399999976369, 0.003268305999995391, 0.003218005999997331, 0.003234087000009822], "best": 0.0027733519999628697, "loops": 10, "worst": 0.003268305999995391}