{"average": 0.0020905472999970696, "timings": [0.0026549909999857846, 0.002130243999999948, 0.0020713100000193663, 0.0020681779999449645, 0.0020652670000345097, 0.002045498000029511, 0.002003832000013972, 0.0019647079999458583, 0.0019529450000845827, 0.001948499999912201], "best": 0.001948499999912201, "loops": 10, "worst": 0.0026549909999857846}