{"average": 0.0026513047000094048, "timings": [0.0033184440000013637, 0.002730867000082071, 0.0026327020000280754, 0.0025838799999746698, 0.0025510469999971974, 0.0025226719999409397, 0.002538168000000951, 0.00254872699997577, 0.002545937000036247, 0.0025406030000567625], "best": 0.0025226719999409397, "loops": 10, "worst": 0.0033184440000013637}