{"average": 0.002640826999993351, "timings": [0.003116596000040772, 0.0025278129999151133, 0.0025671719999991183, 0.0027662370000598457, 0.002570189000039136, 0.002497175999906176, 0.0026503349999984493, 0.0025960829999576163, 0.00246438700003182, 0.002652281999985462], "best": 0.00246438700003182, "loops": 10, "worst": 0.003116596000040772}