{"average": 0.00278382710000642, "timings": [0.003643324999984543, 0.002729951000105757, 0.0026889600000004066, 0.0026777859999356224, 0.002659971000070982, 0.0026803859999517954, 0.002668634000087877, 0.0026749039999458546, 0.00270418200000222, 0.0027101719999791385], "best": 0.002659971000070982, "loops": 10, "worst": 0.003643324999984543}