{"average": 0.04322003928569172, "timings": [0.04354098699991482, 0.04336587700004202, 0.04313323499991384, 0.04315480100001423, 0.04303343200001564, 0.04318125899999359, 0.043130683999947905], "best": 0.04303343200001564, "loops": 7, "worst": 0.04354098699991482}