{"average": 0.000968738714277606, "timings": [0.0023378019999427124, 0.000977758999965772, 0.0007112329999472422, 0.000689716000010776, 0.0006880790000423076, 0.000689482999973734, 0.000687099000060698], "best": 0.000687099000060698, "loops": 7, "worst": 0.0023378019999427124}