{"average": 0.06572218228570494, "timings": [0.06597300800001449, 0.06570752799996171, 0.06578906999993706, 0.06557693800004927, 0.06569947399998455, 0.06565922599997975, 0.06565003200000774], "best": 0.06557693800004927, "loops": 7, "worst": 0.06597300800001449}