{"average": 0.02909160171428279, "timings": [0.029271007000033933, 0.029085533999932522, 0.028952484000001277, 0.029181548999986262, 0.02908207500001936, 0.02904436800008625, 0.029024194999919928], "best": 0.028952484000001277, "loops": 7, "worst": 0.029271007000033933}