{"average": 0.022055959571389394, "timings": [0.02732792699998754, 0.021430201999919518, 0.0213622100000066, 0.02125421699997787, 0.02107033099991895, 0.021024798999974337, 0.020922030999940944], "best": 0.020922030999940944, "loops": 7, "worst": 0.02732792699998754}