{"average": 0.061177692142856746, "timings": [0.06755460300007599, 0.06011049599999296, 0.060119456999927934, 0.059899249999944004, 0.060174304000042866, 0.0601682599999549, 0.060217475000058585], "best": 0.059899249999944004, "loops": 7, "worst": 0.06755460300007599}