{"average": 0.041453230571408185, "timings": [0.041576802000008684, 0.04158036000001175, 0.041424695000046086, 0.04137236499991559, 0.04131124599996383, 0.04157016199997088, 0.04133698399994046], "best": 0.04131124599996383, "loops": 7, "worst": 0.04158036000001175}