{"average": 0.035684572714265936, "timings": [0.035874024999998255, 0.03591031199994177, 0.035541209000029994, 0.035493576999897414, 0.03556091500001912, 0.035821673999976156, 0.03559029699999883], "best": 0.035493576999897414, "loops": 7, "worst": 0.03591031199994177}