{"average": 0.07200792442855734, "timings": [0.07211094100000537, 0.07195570099997894, 0.07190214100000958, 0.07185139799992157, 0.07183473099996718, 0.07214683600000171, 0.07225372300001709], "best": 0.07183473099996718, "loops": 7, "worst": 0.07225372300001709}