{"average": 0.06264432542856671, "timings": [0.06559732300001997, 0.062217863999990186, 0.06194640100000015, 0.06194064499993601, 0.062088335999987976, 0.06224401700001181, 0.0624756920000209], "best": 0.06194064499993601, "loops": 7, "worst": 0.06559732300001997}