{"average": 0.03179287614287724, "timings": [0.03727672100012569, 0.03016733499998736, 0.03146297300008882, 0.030900369999926625, 0.030240878000086013, 0.030849748000036925, 0.03165210799988927], "best": 0.03016733499998736, "loops": 7, "worst": 0.03727672100012569}