{"average": 0.04760432542856766, "timings": [0.04777853200005211, 0.04749470499996278, 0.04762277300005735, 0.0476936669999759, 0.04759640600002513, 0.0474503079999522, 0.047593886999948154], "best": 0.0474503079999522, "loops": 7, "worst": 0.04777853200005211}