{"average": 0.07556668428571811, "timings": [0.0746308059999592, 0.07450593699991259, 0.07457712699999774, 0.07487067600004593, 0.08128995900005975, 0.07461731199998667, 0.07447497300006489], "best": 0.07447497300006489, "loops": 7, "worst": 0.08128995900005975}