{"average": 0.053672348428563055, "timings": [0.053978434999976344, 0.053578002999984164, 0.053589869999996154, 0.053535070999942036, 0.053919251000024815, 0.05352325900003052, 0.05358254999998735], "best": 0.05352325900003052, "loops": 7, "worst": 0.053978434999976344}