{"average": 0.04503429928573561, "timings": [0.048325934999979836, 0.04175298100005875, 0.04320311000003585, 0.04658195100000739, 0.04638917400006903, 0.04239862099996117, 0.046588323000037235], "best": 0.04175298100005875, "loops": 7, "worst": 0.048325934999979836}