{"average": 0.0015600547142996999, "timings": [0.0029617499999403663, 0.0015313239999841244, 0.001428628999974535, 0.0013183430000935914, 0.001294732000019394, 0.0012330350000411272, 0.0011525700000447614], "best": 0.0011525700000447614, "loops": 7, "worst": 0.0029617499999403663}