{"average": 0.011222418285732212, "timings": [0.012216757000032885, 0.01164861999995992, 0.011342896000087421, 0.01107574200000272, 0.010864070000025094, 0.010743327000000136, 0.010665516000017305], "best": 0.010665516000017305, "loops": 7, "worst": 0.012216757000032885}