{"average": 138.41258773642855, "timings": [138.438410803, 138.35355089799998, 138.50817188999997, 138.42945936900003, 138.37372299100002, 138.38450562499997, 138.40029257899982], "best": 138.35355089799998, "loops": 7, "worst": 138.50817188999997}