{"average": 140.73732511057145, "timings": [140.7510315479999, 140.686813584, 140.63609595399998, 140.79271392900012, 140.78014197700008, 140.712680266, 140.80179851599996], "best": 140.63609595399998, "loops": 7, "worst": 140.80179851599996}