{"average": 0.010303038100016693, "timings": [0.014423738999994384, 0.010498942000026545, 0.010106383999982427, 0.00990898300005938, 0.009790956000074402, 0.00974626000004264, 0.009676587999933872, 0.009634200000050441, 0.009626529999991362, 0.009617799000011473], "best": 0.009617799000011473, "loops": 10, "worst": 0.014423738999994384}