{"average": 0.030553233300020112, "timings": [0.034577381999952195, 0.030858154000043214, 0.030472744999997303, 0.030143700000053286, 0.030047692000039206, 0.030001485000070716, 0.029882554999971944, 0.029889503000049444, 0.02985490999992635, 0.02980420700009745], "best": 0.02980420700009745, "loops": 10, "worst": 0.034577381999952195}