{"average": 0.047503363500004524, "timings": [0.05218520500000068, 0.04519587499999034, 0.045093735000023116, 0.045066873999985546, 0.04507453300004727, 0.044999405999988085, 0.0628338530000292, 0.04493072399998255, 0.04487739599994711, 0.04477603400005137], "best": 0.04477603400005137, "loops": 10, "worst": 0.0628338530000292}