{"average": 0.05230216589998236, "timings": [0.05957886299995607, 0.05145920799998294, 0.05133575299998938, 0.051316278000058446, 0.05145495099998243, 0.05150352999999086, 0.051454967999916335, 0.051644137000039336, 0.05159171599996171, 0.05168225499994605], "best": 0.051316278000058446, "loops": 10, "worst": 0.05957886299995607}