{"average": 0.03558535939999956, "timings": [0.03731733799997983, 0.03613003300006312, 0.03570465799998601, 0.03549862099998791, 0.03537328799995976, 0.03529359200001636, 0.03521594599999389, 0.03514562300006219, 0.03510897900002874, 0.03506551599991781], "best": 0.03506551599991781, "loops": 10, "worst": 0.03731733799997983}