{"average": 0.0008222789000001285, "timings": [0.0019272920000048543, 0.0008732320000035543, 0.0006890519999842581, 0.000678741000001537, 0.0006770280000409912, 0.0006773789999670043, 0.0006751390000090396, 0.0006757439999773851, 0.0006752140000116924, 0.0006739680000009685], "best": 0.0006739680000009685, "loops": 10, "worst": 0.0019272920000048543}