{"average": 0.06932154570000648, "timings": [0.07516921500007356, 0.0823651460000292, 0.06767693200004032, 0.06662395599994397, 0.06726848400001018, 0.06613729599996532, 0.06746582499999931, 0.06637333699995906, 0.06730410700004086, 0.06683115900000303], "best": 0.06613729599996532, "loops": 10, "worst": 0.0823651460000292}