{"average": 0.05614967570000999, "timings": [0.06393973000001552, 0.055811910999977954, 0.05565793699997812, 0.05538669700001719, 0.05522753400009606, 0.05511893900006726, 0.05509522799991373, 0.05498876100000416, 0.055177780999997594, 0.05509223900003235], "best": 0.05498876100000416, "loops": 10, "worst": 0.06393973000001552}