{"average": 0.01885645140004044, "timings": [0.020846735000077388, 0.019128115000057733, 0.018822267000018655, 0.018653347000054055, 0.018462410000097407, 0.018494225000040387, 0.018607203999977173, 0.018585197999982483, 0.01850666000007095, 0.018458353000028183], "best": 0.018458353000028183, "loops": 10, "worst": 0.020846735000077388}