{"average": 0.024799014500013074, "timings": [0.026232835999962845, 0.025494177000041418, 0.02508199200008221, 0.02479980600003273, 0.0246436590000485, 0.024510547999966548, 0.02435442499995588, 0.024353886999961105, 0.024295198000004348, 0.024223617000075137], "best": 0.024223617000075137, "loops": 10, "worst": 0.026232835999962845}