{"average": 0.06182824290000326, "timings": [0.0656405500000119, 0.06157422299997961, 0.06137583999998242, 0.061420731999987765, 0.061327749000042786, 0.06146409300004052, 0.06139366399997925, 0.06150990100002218, 0.06136301999993066, 0.061212657000055515], "best": 0.061212657000055515, "loops": 10, "worst": 0.0656405500000119}