{"average": 137.9249982248, "timings": [137.271914713, 137.24347749799995, 137.20510477200003, 137.26823597299995, 137.19956448799985, 137.15483001500002, 137.7537937269999, 142.03345162000005, 138.14199352900005, 137.97761591300014], "best": 137.15483001500002, "loops": 10, "worst": 142.03345162000005}