{"average": 137.9708679474, "timings": [137.71949541799995, 137.58646040099995, 137.586336253, 137.64098066199995, 137.47131096299995, 137.53733252100005, 137.614873966, 141.58013170100003, 137.53015656900016, 137.44160102], "best": 137.44160102, "loops": 10, "worst": 141.58013170100003}