{"average": 139.8464369029, "timings": [139.56429536199994, 139.52656382500004, 139.36993332100008, 139.24876839499996, 139.44641553999986, 139.3690123199999, 139.47313424100003, 143.37303794000013, 139.6009812740001, 139.4922268109999], "best": 139.24876839499996, "loops": 10, "worst": 143.37303794000013}