{"average": 140.99403498940006, "timings": [140.763616285, 140.686037662, 140.50951073399995, 140.390752894, 140.48788273800005, 140.45275071100014, 140.657848542, 144.50389695600006, 140.70928313100012, 140.77877024100007], "best": 140.390752894, "loops": 10, "worst": 144.50389695600006}