{"average": 138.41792643629998, "timings": [138.01199873899998, 137.917602365, 137.86321785299992, 137.92275852, 137.9244212829999, 137.92036919499992, 137.99741131099995, 142.08637980999993, 138.26842530500016, 138.2666799819999], "best": 137.86321785299992, "loops": 10, "worst": 142.08637980999993}