{"average": 140.6675197869, "timings": [140.37436944, 140.32756881499995, 140.35027523899998, 140.25086661700004, 140.30371525400005, 140.28115037999987, 140.34125713599997, 144.2489877559999, 140.14951517099985, 140.04749206100018], "best": 140.04749206100018, "loops": 10, "worst": 144.2489877559999}