{"average": 139.26937588319998, "timings": [138.693202263, 138.62767207699994, 138.54515766199995, 138.768036833, 138.543517996, 138.6292753109999, 139.008044874, 143.03583482099998, 139.44494832100008, 139.39806867400011], "best": 138.543517996, "loops": 10, "worst": 143.03583482099998}