{"average": 138.2347906544, "timings": [137.66451915599998, 137.6829715309999, 137.52767530099993, 137.533294577, 137.5686203790001, 137.49379788200008, 137.87999172800005, 142.0804164560002, 138.49632983900005, 138.42028969499984], "best": 137.49379788200008, "loops": 10, "worst": 142.0804164560002}