{"average": 138.6589500186, "timings": [137.89542557000004, 137.9471598639999, 137.96688008599995, 137.96548922600005, 137.91069139699994, 137.92827667699999, 138.44167694800012, 142.70871152899986, 138.97174498699997, 138.85344390199998], "best": 137.89542557000004, "loops": 10, "worst": 142.70871152899986}