{"average": 138.6963098993, "timings": [138.12246868400007, 138.07903016400007, 138.0741969500001, 138.05448458299986, 137.9940404680001, 137.976807475, 138.515855677, 142.72288319599988, 138.66453628099998, 138.75879551499997], "best": 137.976807475, "loops": 10, "worst": 142.72288319599988}