{"average": 138.7779689956, "timings": [138.07551986399994, 138.02009308799995, 138.043210747, 138.071979305, 138.14823281500003, 139.49795849299994, 139.41684458999998, 142.03654692400005, 138.26481871099986, 138.2044854190001], "best": 138.02009308799995, "loops": 10, "worst": 142.03654692400005}