{"average": 0.018109142999979407, "timings": [0.019303835000073377, 0.017531069999904503, 0.017931869999983974, 0.01709460200004287, 0.018228623999902993, 0.01921314599985635, 0.017460854000091786], "best": 0.01709460200004287, "loops": 7, "worst": 0.019303835000073377}