{"average": 7.321027220892055, "stdev": 0.08892177006809124, "timings": [7.520799919962883, 7.277732398360968, 7.270053060725331, 7.274328583851457, 7.25568762421608, 7.276880057528615, 7.37170890159905], "all_runs": [7.520799919962883, 7.277732398360968, 7.270053060725331, 7.274328583851457, 7.25568762421608, 7.276880057528615, 7.37170890159905], "best": 7.25568762421608, "compile_time": 7.199999993190431e-05, "loops": 1, "repeat": 7, "worst": 7.520799919962883}