{"average": 0.037020741428591464, "timings": [0.03733761199998753, 0.037364277000051516, 0.03692718299998887, 0.03680548300008013, 0.036941254999987905, 0.03687549599999329, 0.036893884000051], "best": 0.03680548300008013, "loops": 7, "worst": 0.037364277000051516}