{"average": 0.06763854542857319, "timings": [0.07111323700007688, 0.06722637299992584, 0.0671298280000201, 0.06694494700002451, 0.06699735899996995, 0.0670699050000394, 0.06698816899995563], "best": 0.06694494700002451, "loops": 7, "worst": 0.07111323700007688}