{"average": 0.05526261514286749, "timings": [0.05575812600000063, 0.0550898879999977, 0.054979513000034785, 0.055161213000019416, 0.055218921999994564, 0.0552073730000302, 0.05542327099999511], "best": 0.054979513000034785, "loops": 7, "worst": 0.05575812600000063}