{"average": 0.05029882785715602, "timings": [0.0573431080000546, 0.0491192660000479, 0.04926558800002567, 0.049241622000067764, 0.0489256309999746, 0.04921820699996715, 0.048978372999954445], "best": 0.0489256309999746, "loops": 7, "worst": 0.0573431080000546}