{"average": 139.6489918074286, "timings": [139.73220010799992, 139.63014944100007, 139.64488216100006, 139.59400872000015, 139.64082209000003, 139.59487796100007, 139.7060021709999], "best": 139.59400872000015, "loops": 7, "worst": 139.73220010799992}