{"average": 141.7653990987143, "timings": [142.700564987, 142.84069659499994, 142.75115592600002, 141.3237649030001, 140.85600690700016, 140.91510079199998, 140.970503581], "best": 140.85600690700016, "loops": 7, "worst": 142.84069659499994}