{"average": 137.28589161771433, "timings": [137.33249857500005, 137.28314899999998, 137.27834233800002, 137.32798107200006, 137.29680122800005, 137.24555317700015, 137.23691593400008], "best": 137.23691593400008, "loops": 7, "worst": 137.33249857500005}