{"average": 140.17640135014284, "timings": [141.06403315199998, 141.15553497400003, 141.04685594699993, 139.656305577, 139.45114991100013, 139.39921840800002, 139.46171148199983], "best": 139.39921840800002, "loops": 7, "worst": 141.15553497400003}