{"average": 137.24966165614288, "timings": [137.3021766160001, 137.229589788, 137.22339653699999, 137.29006549199994, 137.21471907, 137.24197464100007, 137.24570944900006], "best": 137.21471907, "loops": 7, "worst": 137.3021766160001}