{"average": 141.2465886561429, "timings": [142.153991066, 142.275688092, 142.28592656800004, 140.8096912740001, 140.422434846, 140.32939458200008, 140.44899416500016], "best": 140.32939458200008, "loops": 7, "worst": 142.28592656800004}