{"average": 143.08851264128577, "timings": [143.16515488899995, 143.0502602900001, 143.081370235, 143.133072351, 143.08517073200005, 143.01195605700013, 143.09260393500017], "best": 143.01195605700013, "loops": 7, "worst": 143.16515488899995}