{"average": 139.58538493999998, "timings": [139.51973229200007, 139.649715819, 139.60042297799998, 139.6292401799999, 139.505134731, 139.58650592799995, 139.60694265200004], "best": 139.505134731, "loops": 7, "worst": 139.649715819}