{"average": 138.0400266534286, "timings": [138.11709649800002, 138.05694690500002, 138.020753088, 138.01226382400012, 138.01134645800016, 138.04693060399995, 138.0148491970001], "best": 138.01134645800016, "loops": 7, "worst": 138.11709649800002}